-- Tạo 2 tài khoản admin
INSERT INTO Authorizations (email, password_hash, role) 
VALUES 
('admin@admin.com', '$2b$10$Eeouzt2ML4SUmZ52JcQp8OsiPlELIDu5eodi0NkC3EYxvKoBiuTzq', 'Admin'),
('letan@gmail.com', '$2b$10$Eeouzt2ML4SUmZ52JcQp8OsiPlELIDu5eodi0NkC3EYxvKoBiuTzq', 'Receptionist');

-- Thêm chuyên khoa
INSERT INTO Specialists (specialist_name,icon) VALUES
('Nội tổng quát','http://res.cloudinary.com/dhmnlnxpd/image/upload/v1742310804/noi_khoa_tong_quat_fxcvjj.png'),
('Ngoại tổng quát','http://res.cloudinary.com/dhmnlnxpd/image/upload/v1742310866/ngoai_khoa_tong_quat_qtvaob.png'),
('Nhi khoa','http://res.cloudinary.com/dhmnlnxpd/image/upload/v1742310830/nhi_khoa_lxnlv1.png'),
('Sản phụ khoa','http://res.cloudinary.com/dhmnlnxpd/image/upload/v1742310741/san_phu_khoa_rhi30k.png'),
('Tim mạch','http://res.cloudinary.com/dhmnlnxpd/image/upload/v1742310643/tim_mach_szvih4.png'),
('Tai - Mũi - Họng','http://res.cloudinary.com/dhmnlnxpd/image/upload/v1742310699/tai_mui_hong_lbqvif.png'),
('Da liễu','http://res.cloudinary.com/dhmnlnxpd/image/upload/v1742310905/da_lieu_y5xkqf.png');
-- Tạo 15 tài khoản bác sĩ
INSERT INTO Authorizations (email, password_hash, role) 
VALUES 
('phamvanan@gmail.com', '$2b$10$Eeouzt2ML4SUmZ52JcQp8OsiPlELIDu5eodi0NkC3EYxvKoBiuTzq', 'Doctor'),
('lethibich@gmail.com', '$2b$10$Eeouzt2ML4SUmZ52JcQp8OsiPlELIDu5eodi0NkC3EYxvKoBiuTzq', 'Doctor'),
('nguyenvancuong@gmail.com', '$2b$10$Eeouzt2ML4SUmZ52JcQp8OsiPlELIDu5eodi0NkC3EYxvKoBiuTzq', 'Doctor'),
('tranthidung@gmail.com', '$2b$10$Eeouzt2ML4SUmZ52JcQp8OsiPlELIDu5eodi0NkC3EYxvKoBiuTzq', 'Doctor'),
('hoangvanduc@gmail.com', '$2b$10$Eeouzt2ML4SUmZ52JcQp8OsiPlELIDu5eodi0NkC3EYxvKoBiuTzq', 'Doctor'),
('dothihanh@gmail.com', '$2b$10$Eeouzt2ML4SUmZ52JcQp8OsiPlELIDu5eodi0NkC3EYxvKoBiuTzq', 'Doctor'),
('buivanhuy@gmail.com', '$2b$10$Eeouzt2ML4SUmZ52JcQp8OsiPlELIDu5eodi0NkC3EYxvKoBiuTzq', 'Doctor'),
('ngothilan@gmail.com', '$2b$10$Eeouzt2ML4SUmZ52JcQp8OsiPlELIDu5eodi0NkC3EYxvKoBiuTzq', 'Doctor'),
('vuvanminh@gmail.com', '$2b$10$Eeouzt2ML4SUmZ52JcQp8OsiPlELIDu5eodi0NkC3EYxvKoBiuTzq', 'Doctor'),
('duongthimai@gmail.com', '$2b$10$Eeouzt2ML4SUmZ52JcQp8OsiPlELIDu5eodi0NkC3EYxvKoBiuTzq', 'Doctor'),
('tovannam@gmail.com', '$2b$10$Eeouzt2ML4SUmZ52JcQp8OsiPlELIDu5eodi0NkC3EYxvKoBiuTzq', 'Doctor'),
('caothingoc@gmail.com', '$2b$10$Eeouzt2ML4SUmZ52JcQp8OsiPlELIDu5eodi0NkC3EYxvKoBiuTzq', 'Doctor'),
('lamvanphong@gmail.com', '$2b$10$Eeouzt2ML4SUmZ52JcQp8OsiPlELIDu5eodi0NkC3EYxvKoBiuTzq', 'Doctor'),
('trinhthiquyen@gmail.com', '$2b$10$Eeouzt2ML4SUmZ52JcQp8OsiPlELIDu5eodi0NkC3EYxvKoBiuTzq', 'Doctor'),
('havantung@gmail.com', '$2b$10$Eeouzt2ML4SUmZ52JcQp8OsiPlELIDu5eodi0NkC3EYxvKoBiuTzq', 'Doctor');
-- Thêm 15 bác sĩ vào bảng Doctors
INSERT INTO Doctors (full_name, specialist_id, phone_number,specialty, experience_years,avatar,authorization_id) VALUES
('Phạm Văn An', 1, '0987654321','Nội tổng quát', 10,'http://res.cloudinary.com/dhmnlnxpd/image/upload/v1740921734/dr_pham_van_an_nbbjes.png',3),
('Lê Thị Bích', 2, '0976543210','Ngoại tổng quát', 8,'http://res.cloudinary.com/dhmnlnxpd/image/upload/v1740927180/dr_le_thi_bich_attgnc.png',4),
('Nguyễn Văn Cường', 3, '0965432109','Nhi khoa',  12,'http://res.cloudinary.com/dhmnlnxpd/image/upload/v1740927113/dr_nguyen_van_cuong_pplqnz.png',5),
('Trần Thị Dung', 4, '0954321098', 'Sản phụ khoa', 15,'http://res.cloudinary.com/dhmnlnxpd/image/upload/v1740927242/dr_tran_thi_dung_gnxour.png',6),
('Hoàng Văn Đức', 5, '0943210987','Tim mạch',  7,'http://res.cloudinary.com/dhmnlnxpd/image/upload/v1740926808/dr_hoang_van_duc_emh0xf.png',7),
('Đỗ Thị Hạnh', 6, '0932109876', 'Tai - Mũi - Họng', 9,'http://res.cloudinary.com/dhmnlnxpd/image/upload/v1740927302/dr_do_thi_hanh_xupnqi.png',8),
('Bùi Văn Huy', 7, '0921098765','Da liễu',  11,'http://res.cloudinary.com/dhmnlnxpd/image/upload/v1740927021/dr_bui_van_huy_qtsjzo.png',9),
('Ngô Thị Lan', 1, '0910987654','Nội tổng quát', 6,'http://res.cloudinary.com/dhmnlnxpd/image/upload/v1740927363/dr_ngo_thi_lan_q2csmy.png',10),
('Vũ Văn Minh', 2, '0909876543', 'Ngoại tổng quát', 14,'http://res.cloudinary.com/dhmnlnxpd/image/upload/v1740927506/dr_vu_van_minh_mx7i2q.png',11),
('Dương Thị Mai', 3, '0898765432','Nhi khoa',  5,'http://res.cloudinary.com/dhmnlnxpd/image/upload/v1740927414/dr_duong_thi_mai_vepifv.png',12),
('Tô Văn Nam', 4, '0887654321','Sản phụ khoa',  13,'http://res.cloudinary.com/dhmnlnxpd/image/upload/v1740927545/dr_to_van_nam_fa7uru.png',13),
('Cao Thị Ngọc', 5, '0876543210','Tim mạch',  10,'http://res.cloudinary.com/dhmnlnxpd/image/upload/v1740927471/dr_cao_thi_ngoc_vsaais.png',14),
('Lâm Văn Phong', 6, '0865432109','Tai - Mũi - Họng', 8,'http://res.cloudinary.com/dhmnlnxpd/image/upload/v1740927597/dr_lam_van_phong_re4oe5.png',15),
('Trịnh Thị Quyên', 7, '0854321098', 'Da liễu', 9,'http://res.cloudinary.com/dhmnlnxpd/image/upload/v1740926950/dr_trinh_thi_quyen_sjgkdp.png',16),
('Hà Văn Tùng', 1, '0843210987','Nội tổng quát', 7,'http://res.cloudinary.com/dhmnlnxpd/image/upload/v1740927627/dr_ha_van_tung_wf64qs.png',17);


-- Tạo tài khoản bệnh nhân
INSERT INTO Authorizations (email, password_hash, role) 
VALUES 
('Nguyenvanan@gmail.com', '$2b$10$Eeouzt2ML4SUmZ52JcQp8OsiPlELIDu5eodi0NkC3EYxvKoBiuTzq', 'Patient'),
('Tranthibich@gmail.com', '$2b$10$Eeouzt2ML4SUmZ52JcQp8OsiPlELIDu5eodi0NkC3EYxvKoBiuTzq', 'Patient'),
('Levancuong@gmail.com', '$2b$10$Eeouzt2ML4SUmZ52JcQp8OsiPlELIDu5eodi0NkC3EYxvKoBiuTzq', 'Patient'),
('Phamthidung@gmail.com', '$2b$10$Eeouzt2ML4SUmZ52JcQp8OsiPlELIDu5eodi0NkC3EYxvKoBiuTzq' ,'Patient'),
('Hoangvanduc@gmail.com', '$2b$10$Eeouzt2ML4SUmZ52JcQp8OsiPlELIDu5eodi0NkC3EYxvKoBiuTzq' ,'Patient'),
('Vuthihuong@gmail.com', '$2b$10$Eeouzt2ML4SUmZ52JcQp8OsiPlELIDu5eodi0NkC3EYxvKoBiuTzq' ,'Patient'),
('Domanhcuong@gmail.com', '$2b$10$Eeouzt2ML4SUmZ52JcQp8OsiPlELIDu5eodi0NkC3EYxvKoBiuTzq' ,'Patient'),
('Nguyenthihanh@gmail.com', '$2b$10$Eeouzt2ML4SUmZ52JcQp8OsiPlELIDu5eodi0NkC3EYxvKoBiuTzq' ,'Patient'),
('Luongvankien@gmail.com', '$2b$10$Eeouzt2ML4SUmZ52JcQp8OsiPlELIDu5eodi0NkC3EYxvKoBiuTzq' ,'Patient'),
('Phamthithanh@gmail.com', '$2b$10$Eeouzt2ML4SUmZ52JcQp8OsiPlELIDu5eodi0NkC3EYxvKoBiuTzq' ,'Patient'),
('Phamthutra@gmail.com', '$2b$10$Eeouzt2ML4SUmZ52JcQp8OsiPlELIDu5eodi0NkC3EYxvKoBiuTzq' ,'Patient'),
('Domanhcuong@gmail.com', '$2b$10$Eeouzt2ML4SUmZ52JcQp8OsiPlELIDu5eodi0NkC3EYxvKoBiuTzq' ,'Patient'),
('Domanhhung@gmail.com', '$2b$10$Eeouzt2ML4SUmZ52JcQp8OsiPlELIDu5eodi0NkC3EYxvKoBiuTzq' ,'Patient'),
('Domanhtruc@gmail.com', '$2b$10$Eeouzt2ML4SUmZ52JcQp8OsiPlELIDu5eodi0NkC3EYxvKoBiuTzq' ,'Patient'),
('Domanhvy@gmail.com', '$2b$10$Eeouzt2ML4SUmZ52JcQp8OsiPlELIDu5eodi0NkC3EYxvKoBiuTzq' ,'Patient'),
('Nguyenvanlan@gmail.com', '$2b$10$Eeouzt2ML4SUmZ52JcQp8OsiPlELIDu5eodi0NkC3EYxvKoBiuTzq' ,'Patient'),
('Tranthitich@gmail.com', '$2b$10$Eeouzt2ML4SUmZ52JcQp8OsiPlELIDu5eodi0NkC3EYxvKoBiuTzq' ,'Patient'),
('Leminhquan@gmail.com', '$2b$10$Eeouzt2ML4SUmZ52JcQp8OsiPlELIDu5eodi0NkC3EYxvKoBiuTzq' ,'Patient'),
('Phamthihong@gmail.com', '$2b$10$Eeouzt2ML4SUmZ52JcQp8OsiPlELIDu5eodi0NkC3EYxvKoBiuTzq' ,'Patient'),
('Dangvandung@gmail.com', '$2b$10$Eeouzt2ML4SUmZ52JcQp8OsiPlELIDu5eodi0NkC3EYxvKoBiuTzq' ,'Patient'),
('Hoangthilan@gmail.com', '$2b$10$Eeouzt2ML4SUmZ52JcQp8OsiPlELIDu5eodi0NkC3EYxvKoBiuTzq' ,'Patient'),
('Vuducmanh@gmail.com', '$2b$10$Eeouzt2ML4SUmZ52JcQp8OsiPlELIDu5eodi0NkC3EYxvKoBiuTzq' ,'Patient'),
('Buithithu@gmail.com', '$2b$10$Eeouzt2ML4SUmZ52JcQp8OsiPlELIDu5eodi0NkC3EYxvKoBiuTzq' ,'Patient'),
('Ngominhtung@gmail.com', '$2b$10$Eeouzt2ML4SUmZ52JcQp8OsiPlELIDu5eodi0NkC3EYxvKoBiuTzq' ,'Patient'),
('Duongthihanh@gmail.com', '$2b$10$Eeouzt2ML4SUmZ52JcQp8OsiPlELIDu5eodi0NkC3EYxvKoBiuTzq' ,'Patient'),
('Lyvannam@gmail.com', '$2b$10$Eeouzt2ML4SUmZ52JcQp8OsiPlELIDu5eodi0NkC3EYxvKoBiuTzq' ,'Patient'),
('Trinhthihoa@gmail.com', '$2b$10$Eeouzt2ML4SUmZ52JcQp8OsiPlELIDu5eodi0NkC3EYxvKoBiuTzq' ,'Patient'),
('Nguyenminhkhang@gmail.com', '$2b$10$Eeouzt2ML4SUmZ52JcQp8OsiPlELIDu5eodi0NkC3EYxvKoBiuTzq' ,'Patient'),
('Phanthicam@gmail.com', '$2b$10$Eeouzt2ML4SUmZ52JcQp8OsiPlELIDu5eodi0NkC3EYxvKoBiuTzq' ,'Patient'),
('Tavanhai@gmail.com', '$2b$10$Eeouzt2ML4SUmZ52JcQp8OsiPlELIDu5eodi0NkC3EYxvKoBiuTzq' ,'Patient'),
('Dinhthihuong@gmail.com', '$2b$10$Eeouzt2ML4SUmZ52JcQp8OsiPlELIDu5eodi0NkC3EYxvKoBiuTzq' ,'Patient'),
('Tranminhduc@gmail.com', '$2b$10$Eeouzt2ML4SUmZ52JcQp8OsiPlELIDu5eodi0NkC3EYxvKoBiuTzq' ,'Patient'),
('Nguyenthiyen@gmail.com', '$2b$10$Eeouzt2ML4SUmZ52JcQp8OsiPlELIDu5eodi0NkC3EYxvKoBiuTzq' ,'Patient'),
('Phamvanquang@gmail.com', '$2b$10$Eeouzt2ML4SUmZ52JcQp8OsiPlELIDu5eodi0NkC3EYxvKoBiuTzq' ,'Patient'),
('Lethimai@gmail.com', '$2b$10$Eeouzt2ML4SUmZ52JcQp8OsiPlELIDu5eodi0NkC3EYxvKoBiuTzq' ,'Patient');

INSERT INTO Authorizations (email, password_hash, role) 
VALUES ('Nguyenminhan@gmail.com', '$2b$10$Eeouzt2ML4SUmZ52JcQp8OsiPlELIDu5eodi0NkC3EYxvKoBiuTzq', 'Patient'),
('Tranngocbich@gmail.com', '$2b$10$Eeouzt2ML4SUmZ52JcQp8OsiPlELIDu5eodi0NkC3EYxvKoBiuTzq', 'Patient'),
('Levandung@gmail.com', '$2b$10$Eeouzt2ML4SUmZ52JcQp8OsiPlELIDu5eodi0NkC3EYxvKoBiuTzq', 'Patient'),
('Phamthihanh@gmail.com', '$2b$10$Eeouzt2ML4SUmZ52JcQp8OsiPlELIDu5eodi0NkC3EYxvKoBiuTzq', 'Patient'),
('Hoangtrungkien@gmail.com', '$2b$10$Eeouzt2ML4SUmZ52JcQp8OsiPlELIDu5eodi0NkC3EYxvKoBiuTzq', 'Patient'),
('Buithanhtung@gmail.com', '$2b$10$Eeouzt2ML4SUmZ52JcQp8OsiPlELIDu5eodi0NkC3EYxvKoBiuTzq', 'Patient'),
('Dangphuonglinh@gmail.com', '$2b$10$Eeouzt2ML4SUmZ52JcQp8OsiPlELIDu5eodi0NkC3EYxvKoBiuTzq', 'Patient'),
('Vuminhtuan@gmail.com', '$2b$10$Eeouzt2ML4SUmZ52JcQp8OsiPlELIDu5eodi0NkC3EYxvKoBiuTzq', 'Patient'),
('Duongthimai@gmail.com', '$2b$10$Eeouzt2ML4SUmZ52JcQp8OsiPlELIDu5eodi0NkC3EYxvKoBiuTzq', 'Patient'),
('Ngoquanghuy@gmail.com', '$2b$10$Eeouzt2ML4SUmZ52JcQp8OsiPlELIDu5eodi0NkC3EYxvKoBiuTzq', 'Patient'),
('Tahuunghia@gmail.com', '$2b$10$Eeouzt2ML4SUmZ52JcQp8OsiPlELIDu5eodi0NkC3EYxvKoBiuTzq', 'Patient'),
('Dothithanh@gmail.com', '$2b$10$Eeouzt2ML4SUmZ52JcQp8OsiPlELIDu5eodi0NkC3EYxvKoBiuTzq', 'Patient'),
('Maithanhnam@gmail.com', '$2b$10$Eeouzt2ML4SUmZ52JcQp8OsiPlELIDu5eodi0NkC3EYxvKoBiuTzq', 'Patient'),
('Trinhbaokhanh@gmail.com', '$2b$10$Eeouzt2ML4SUmZ52JcQp8OsiPlELIDu5eodi0NkC3EYxvKoBiuTzq', 'Patient'),
('Lythithu@gmail.com', '$2b$10$Eeouzt2ML4SUmZ52JcQp8OsiPlELIDu5eodi0NkC3EYxvKoBiuTzq', 'Patient'),
('Chauquynhanh@gmail.com', '$2b$10$Eeouzt2ML4SUmZ52JcQp8OsiPlELIDu5eodi0NkC3EYxvKoBiuTzq', 'Patient'),
('Nguyenvanphuc@gmail.com', '$2b$10$Eeouzt2ML4SUmZ52JcQp8OsiPlELIDu5eodi0NkC3EYxvKoBiuTzq', 'Patient'),
('Phanhongson@gmail.com', '$2b$10$Eeouzt2ML4SUmZ52JcQp8OsiPlELIDu5eodi0NkC3EYxvKoBiuTzq', 'Patient'),
('Lamngocanh@gmail.com', '$2b$10$Eeouzt2ML4SUmZ52JcQp8OsiPlELIDu5eodi0NkC3EYxvKoBiuTzq', 'Patient'),
('Tonthatdat@gmail.com', '$2b$10$Eeouzt2ML4SUmZ52JcQp8OsiPlELIDu5eodi0NkC3EYxvKoBiuTzq', 'Patient'),
('Vuonghoaiphuong@gmail.com', '$2b$10$Eeouzt2ML4SUmZ52JcQp8OsiPlELIDu5eodi0NkC3EYxvKoBiuTzq', 'Patient'),
('Hoducbinh@gmail.com', '$2b$10$Eeouzt2ML4SUmZ52JcQp8OsiPlELIDu5eodi0NkC3EYxvKoBiuTzq', 'Patient'),
('Luongthilan@gmail.com', '$2b$10$Eeouzt2ML4SUmZ52JcQp8OsiPlELIDu5eodi0NkC3EYxvKoBiuTzq', 'Patient'),
('Dinhminhhoang@gmail.com', '$2b$10$Eeouzt2ML4SUmZ52JcQp8OsiPlELIDu5eodi0NkC3EYxvKoBiuTzq', 'Patient'),
('Caohuuphuoc@gmail.com', '$2b$10$Eeouzt2ML4SUmZ52JcQp8OsiPlELIDu5eodi0NkC3EYxvKoBiuTzq', 'Patient'),
('Trieuthiyen@gmail.com', '$2b$10$Eeouzt2ML4SUmZ52JcQp8OsiPlELIDu5eodi0NkC3EYxvKoBiuTzq', 'Patient'),
('Tongnhathao@gmail.com', '$2b$10$Eeouzt2ML4SUmZ52JcQp8OsiPlELIDu5eodi0NkC3EYxvKoBiuTzq', 'Patient'),
('Bachthingan@gmail.com', '$2b$10$Eeouzt2ML4SUmZ52JcQp8OsiPlELIDu5eodi0NkC3EYxvKoBiuTzq', 'Patient'),
('Havankhoa@gmail.com', '$2b$10$Eeouzt2ML4SUmZ52JcQp8OsiPlELIDu5eodi0NkC3EYxvKoBiuTzq', 'Patient'),
('Tutandat@gmail.com', '$2b$10$Eeouzt2ML4SUmZ52JcQp8OsiPlELIDu5eodi0NkC3EYxvKoBiuTzq', 'Patient'),
('Doanthithao@gmail.com', '$2b$10$Eeouzt2ML4SUmZ52JcQp8OsiPlELIDu5eodi0NkC3EYxvKoBiuTzq', 'Patient'),
('Lymanhcuong@gmail.com', '$2b$10$Eeouzt2ML4SUmZ52JcQp8OsiPlELIDu5eodi0NkC3EYxvKoBiuTzq', 'Patient'),
('Kieuthihuong@gmail.com', '$2b$10$Eeouzt2ML4SUmZ52JcQp8OsiPlELIDu5eodi0NkC3EYxvKoBiuTzq', 'Patient'),
('Huavinhhung@gmail.com', '$2b$10$Eeouzt2ML4SUmZ52JcQp8OsiPlELIDu5eodi0NkC3EYxvKoBiuTzq', 'Patient'),
('Mactuananh@gmail.com', '$2b$10$Eeouzt2ML4SUmZ52JcQp8OsiPlELIDu5eodi0NkC3EYxvKoBiuTzq', 'Patient'),
('Danghailong@gmail.com', '$2b$10$Eeouzt2ML4SUmZ52JcQp8OsiPlELIDu5eodi0NkC3EYxvKoBiuTzq', 'Patient'),
('Trinhbaochau@gmail.com', '$2b$10$Eeouzt2ML4SUmZ52JcQp8OsiPlELIDu5eodi0NkC3EYxvKoBiuTzq', 'Patient'),
('Tothanhtruc@gmail.com', '$2b$10$Eeouzt2ML4SUmZ52JcQp8OsiPlELIDu5eodi0NkC3EYxvKoBiuTzq', 'Patient'),
('Thachhuuthien@gmail.com', '$2b$10$Eeouzt2ML4SUmZ52JcQp8OsiPlELIDu5eodi0NkC3EYxvKoBiuTzq', 'Patient'),
('Lahongngoc@gmail.com', '$2b$10$Eeouzt2ML4SUmZ52JcQp8OsiPlELIDu5eodi0NkC3EYxvKoBiuTzq', 'Patient'),
('Kimvanhau@gmail.com', '$2b$10$Eeouzt2ML4SUmZ52JcQp8OsiPlELIDu5eodi0NkC3EYxvKoBiuTzq', 'Patient'),
('Tangthibao@gmail.com', '$2b$10$Eeouzt2ML4SUmZ52JcQp8OsiPlELIDu5eodi0NkC3EYxvKoBiuTzq', 'Patient'),
('Nhamdinhthong@gmail.com', '$2b$10$Eeouzt2ML4SUmZ52JcQp8OsiPlELIDu5eodi0NkC3EYxvKoBiuTzq', 'Patient'),
('Bangnhatha@gmail.com', '$2b$10$Eeouzt2ML4SUmZ52JcQp8OsiPlELIDu5eodi0NkC3EYxvKoBiuTzq', 'Patient'),
('Nghiemquangthai@gmail.com', '$2b$10$Eeouzt2ML4SUmZ52JcQp8OsiPlELIDu5eodi0NkC3EYxvKoBiuTzq', 'Patient'),
('Quanngoclinh@gmail.com', '$2b$10$Eeouzt2ML4SUmZ52JcQp8OsiPlELIDu5eodi0NkC3EYxvKoBiuTzq', 'Patient'),
('Phungvannhan@gmail.com', '$2b$10$Eeouzt2ML4SUmZ52JcQp8OsiPlELIDu5eodi0NkC3EYxvKoBiuTzq', 'Patient'),
('Thanthihoa@gmail.com', '$2b$10$Eeouzt2ML4SUmZ52JcQp8OsiPlELIDu5eodi0NkC3EYxvKoBiuTzq', 'Patient'),
('Thoihuutai@gmail.com', '$2b$10$Eeouzt2ML4SUmZ52JcQp8OsiPlELIDu5eodi0NkC3EYxvKoBiuTzq', 'Patient'),
('Phuocquynhnhi@gmail.com', '$2b$10$Eeouzt2ML4SUmZ52JcQp8OsiPlELIDu5eodi0NkC3EYxvKoBiuTzq', 'Patient'),
('Tabaloc@gmail.com', '$2b$10$Eeouzt2ML4SUmZ52JcQp8OsiPlELIDu5eodi0NkC3EYxvKoBiuTzq', 'Patient');



-- Thêm  bệnh nhân vào bảng Patients
INSERT INTO Patients (full_name, phone_number, date_of_birth, gender, address, authorization_id) 
VALUES 
('Nguyễn Văn An', '0987654321', '1990-05-10', 'Male', 'Hà Nội',18),
('Trần Thị Bich', '0977654321', '1985-07-15', 'Female', 'Hồ Chí Minh',19),
('Lê Văn Cường', '0965654321', '2000-09-20', 'Male', 'Đà Nẵng',20),
('Phạm Thị Dung', '0945678901', '1988-03-25', 'Female', 'Hải Phòng', 21),
('Hoàng Văn Đức', '0956789012', '1995-07-30', 'Male', 'Cần Thơ', 22),
('Vũ Thị Hương', '0965432109', '1989-11-12', 'Female', 'Quảng Ninh', 23),
('Đỗ Mạnh Cường', '0976543210', '1991-06-24', 'Male', 'Nghệ An', 24),
('Nguyễn Thị Hạnh', '0987654321', '1994-02-18', 'Female', 'Thái Bình', 25),
('Lương Văn Kiên', '0998765432', '1987-09-14', 'Male', 'Bắc Giang', 26 ),
('Phạm Thị Thanh', '0909876543', '1996-12-30', 'Female', 'Lâm Đồng', 27),
('Phạm Thu Trà' , '0909876512','1996-12-28', 'Female','Hà Nội',28),
('Đỗ Mạnh Cường', '0976543210', '1991-06-24', 'Male', 'Hà Nội', 29),
('Đỗ Mạnh Hưng', '0976541210', '1992-06-24', 'Male', 'Hà Nội', 30),
('Đỗ Mạnh Trực', '0976534210', '1993-06-24', 'Male', 'Hà Nội', 31),
('Đỗ Mạnh Vỹ', '0976873210', '1994-06-24', 'Male', 'Hà Nội', 32),
('Nguyễn Văn Lan', '0912345678', '1990-01-15', 'Male', 'Hồ Chí Minh', 33),
('Trần Thị Tích', '0923456789', '1995-03-22', 'Female', 'Đà Nẵng', 34),
('Lê Minh Quân', '0934567890', '1992-07-08', 'Male', 'Hà Nội', 35),
('Phạm Thị Hồng', '0945678901', '1994-09-30', 'Female', 'Hải Phòng', 36),
('Đặng Văn Dũng', '0956789012', '1991-11-05', 'Male', 'Cần Thơ', 37),
('Hoàng Thị Lan', '0967890123', '1993-12-12', 'Female', 'Bắc Ninh', 38),
('Vũ Đức Mạnh', '0978901234', '1996-02-18', 'Male', 'Nghệ An', 39),
('Bùi Thị Thu', '0989012345', '1997-04-25', 'Female', 'Quảng Ninh', 40),
('Ngô Minh Tùng', '0990123456', '1998-06-15', 'Male', 'Hà Nội', 41),
('Dương Thị Hạnh', '0901234567', '1999-08-21', 'Female', 'Hồ Chí Minh', 42),
('Lý Văn Nam', '0913456789', '1990-10-10', 'Male', 'Huế', 43),
('Trịnh Thị Hoa', '0925678901', '1991-12-05', 'Female', 'Đà Lạt', 44),
('Nguyễn Minh Khang', '0936789012', '1993-01-20', 'Male', 'Thanh Hóa', 45),
('Phan Thị Cẩm', '0947890123', '1995-03-14', 'Female', 'Vũng Tàu', 46),
('Tạ Văn Hải', '0958901234', '1997-05-30', 'Male', 'Hà Giang', 47),
('Đinh Thị Hương', '0969012345', '1998-07-17', 'Female', 'Hải Dương', 48),
('Trần Minh Đức', '0970123456', '1999-09-09', 'Male', 'Hà Nội', 49),
('Nguyễn Thị Yến', '0981234567', '1990-11-11', 'Female', 'Nam Định', 50),
('Phạm Văn Quang', '0992345678', '1992-12-28', 'Male', 'Thái Bình', 51),
('Lê Thị Mai', '0903456789', '1994-02-14', 'Female', 'Ninh Bình', 52);

INSERT INTO Patients (full_name, phone_number, date_of_birth, gender, address, authorization_id) 
VALUES ('Nguyễn Minh An', '0987654321', '1990-05-10', 'Male', 'Hà Nội',53),
('Trần Ngọc Bích', '0977654321', '1985-07-15', 'Female', 'Hồ Chí Minh',54),
('Lê Văn Dũng', '0968543210', '1988-11-20', 'Male', 'Đà Nẵng',55),
('Phạm Thị Hạnh', '0945123789', '1992-03-08', 'Female', 'Cần Thơ',56),
('Hoàng Trung Kiên', '0936789123', '1995-06-25', 'Male', 'Hải Phòng',57),
('Bùi Thanh Tùng', '0912345678', '1987-09-30', 'Male', 'Nghệ An',58),
('Đặng Phương Linh', '0987123456', '1993-12-12', 'Female', 'Huế',59),
('Vũ Minh Tuấn', '0978563412', '1991-04-18', 'Male', 'Quảng Ninh',60),
('Dương Thị Mai', '0969854321', '1989-07-22', 'Female', 'Bắc Ninh',61),
('Ngô Quang Huy', '0956789123', '1994-02-14', 'Male', 'Hà Giang',62),
('Tạ Hữu Nghĩa', '0934567891', '1986-10-05', 'Male', 'Lạng Sơn',63),
('Đỗ Thị Thanh', '0912678901', '1997-08-27', 'Female', 'Hà Nam',64),
('Mai Thành Nam', '0983456721', '1990-06-19', 'Male', 'Nam Định',65),
('Trịnh Bảo Khánh', '0972345612', '1993-01-10', 'Male', 'Bắc Giang',66),
('Lý Thị Thu', '0956789012', '1988-12-31', 'Female', 'Phú Thọ',67),
('Châu Quỳnh Anh', '0945678123', '1996-11-23', 'Female', 'Kiên Giang',68),
('Nguyễn Văn Phúc', '0932345678', '1985-05-29', 'Male', 'Bình Thuận',69),
('Phan Hồng Sơn', '0923456789', '1992-07-21', 'Male', 'Kon Tum',70),
('Lâm Ngọc Ánh', '0918765432', '1991-09-13', 'Female', 'Đắk Lắk',71),
('Tôn Thất Đạt', '0989654321', '1990-02-08', 'Male', 'Thừa Thiên Huế',72),
('Vương Hoài Phương', '0978765432', '1987-03-26', 'Female', 'An Giang',73),
('Hồ Đức Bình', '0969876543', '1995-06-17', 'Male', 'Vĩnh Long',74),
('Lương Thị Lan', '0954321987', '1993-08-14', 'Female', 'Bến Tre',75),
('Đinh Minh Hoàng', '0943219876', '1989-10-09', 'Male', 'Hậu Giang',76),
('Cao Hữu Phước', '0932198765', '1994-11-01', 'Male', 'Sóc Trăng',77),
('Triệu Thị Yến', '0921098765', '1996-12-07', 'Female', 'Cà Mau',78),
('Tống Nhật Hào', '0910987654', '1991-05-16', 'Male', 'Bạc Liêu',79),
('Bạch Thị Ngân', '0986543210', '1988-07-11', 'Female', 'Tây Ninh',80),
('Hà Văn Khoa', '0975432109', '1993-09-30', 'Male', 'Bình Định',81),
('Từ Tấn Đạt', '0964321098', '1990-02-18', 'Male', 'Quảng Trị',82),
('Đoàn Thị Thảo', '0953210987', '1995-04-23', 'Female', 'Quảng Bình',83),
('Lý Mạnh Cường', '0942109876', '1992-06-27', 'Male', 'Bắc Kạn',84),
('Kiều Thị Hương', '0931098765', '1991-08-31', 'Female', 'Điện Biên',85),
('Hứa Vĩnh Hưng', '0920987654', '1994-10-15', 'Male', 'Sơn La',86),
('Mạc Tuấn Anh', '0919876543', '1987-12-28', 'Male', 'Yên Bái',87),
('Đặng Hải Long', '0988765432', '1990-01-22', 'Male', 'Lào Cai',88),
('Trịnh Bảo Châu', '0977654321', '1989-03-17', 'Female', 'Hòa Bình',89),
('Tô Thanh Trúc', '0966543210', '1993-05-19', 'Female', 'Ninh Thuận',90),
('Thạch Hữu Thiện', '0955432109', '1991-07-30', 'Male', 'Gia Lai',91),
('La Hồng Ngọc', '0944321098', '1992-09-25', 'Female', 'Bình Dương',92),
('Kim Văn Hậu', '0933210987', '1994-11-14', 'Male', 'Đồng Nai',93),
('Tăng Thị Bảo', '0922109876', '1995-12-05', 'Female', 'Long An',94),
('Nhâm Đình Thông', '0911098765', '1990-04-08', 'Male', 'Tiền Giang',95),
('Bàng Nhật Hạ', '0980098765', '1988-06-16', 'Female', 'Vĩnh Phúc',96),
('Nghiêm Quang Thái', '0979987654', '1993-08-24', 'Male', 'Hà Tĩnh',97),
('Quản Ngọc Linh', '0968876543', '1991-10-12', 'Female', 'Thanh Hóa',98),
('Phùng Văn Nhân', '0957765432', '1994-12-30', 'Male', 'Quảng Ngãi',99),
('Thân Thị Hoa', '0946654321', '1996-02-28', 'Female', 'Bình Phước',100),
('Thôi Hữu Tài', '0935543210', '1987-05-15', 'Male', 'Phú Yên',101),
('Phước Quỳnh Nhi', '0924432109', '1995-07-22', 'Female', 'Khánh Hòa',102),
('Tạ Bảo Lộc', '0913321098', '1990-09-01', 'Male', 'Đồng Tháp',103);

INSERT INTO Comments (doctor_id, patient_id, comment_detail, star, created_at) VALUES
(1, 1, 'Bác sĩ rất tận tâm và chuyên nghiệp.', 5, '2025-02-21'),
(1, 2, 'Tư vấn rõ ràng, dễ hiểu.', 4, '2025-02-20'),
(1, 3, 'Thời gian chờ hơi lâu nhưng bác sĩ giỏi.', 4, '2025-02-19'),
(1, 4, 'Khám kỹ lưỡng, tư vấn rất có tâm.', 5, '2025-02-18'),
(1, 5, 'Bác sĩ vui vẻ, nhiệt tình.', 5, '2025-02-17'),

(2, 6, 'Dịch vụ tốt, bác sĩ thân thiện.', 5, '2025-02-21'),
(2, 7, 'Giải thích cặn kẽ, giúp tôi an tâm hơn.', 4, '2025-02-20'),
(2, 8, 'Có tâm với nghề, rất đáng tin cậy.', 5, '2025-02-19'),
(2, 9, 'Khám nhanh nhưng vẫn rất kỹ.', 4, '2025-02-18'),
(2, 10, 'Bác sĩ hỏi thăm kỹ càng, không vội vàng.', 5, '2025-02-17'),

(3, 11, 'Tận tâm và giàu kinh nghiệm.', 5, '2025-02-21'),
(3, 12, 'Tư vấn chuyên nghiệp, thái độ tốt.', 4, '2025-02-20'),
(3, 13, 'Không có gì để chê, bác sĩ quá tuyệt vời!', 5, '2025-02-19'),
(3, 14, 'Cảm ơn bác sĩ, tôi đã hồi phục rất tốt.', 5, '2025-02-18'),
(3, 15, 'Bác sĩ nhẹ nhàng, tạo cảm giác thoải mái.', 4, '2025-02-17'),

(4, 16, 'Chăm sóc chu đáo, rất hài lòng.', 5, '2025-02-21'),
(4, 17, 'Có chút chờ đợi nhưng bác sĩ làm rất tốt.', 4, '2025-02-20'),
(4, 18, 'Tư vấn tận tình, không giấu bệnh nhân.', 5, '2025-02-19'),
(4, 19, 'Bác sĩ làm việc chuyên nghiệp.', 4, '2025-02-18'),
(4, 20, 'Tôi sẽ giới thiệu cho bạn bè.', 5, '2025-02-17'),

(5, 21, 'Bác sĩ có tâm, rất nhiệt tình.', 5, '2025-02-21'),
(5, 22, 'Được hướng dẫn chi tiết, rất tốt.', 5, '2025-02-20'),
(5, 23, 'Chuyên môn cao, giải thích rõ ràng.', 4, '2025-02-19'),
(5, 24, 'Bác sĩ đáng tin cậy.', 5, '2025-02-18'),
(5, 25, 'Rất hài lòng, cảm ơn bác sĩ.', 4, '2025-02-17'),

(6, 26, 'Bác sĩ chuyên nghiệp, tận tâm.', 5, '2025-02-21'),
(6, 27, 'Thời gian chờ hơi lâu nhưng dịch vụ tốt.', 4, '2025-02-20'),
(6, 28, 'Giải thích kỹ lưỡng, giúp tôi yên tâm.', 5, '2025-02-19'),
(6, 29, 'Khám nhanh, cẩn thận.', 4, '2025-02-18'),
(6, 30, 'Bác sĩ nhẹ nhàng, dễ chịu.', 5, '2025-02-17'),

(7, 31, 'Dịch vụ tốt, bác sĩ thân thiện.', 5, '2025-02-21'),
(7, 32, 'Tư vấn tận tình, dễ hiểu.', 4, '2025-02-20'),
(7, 33, 'Bác sĩ giỏi, có tâm với nghề.', 5, '2025-02-19'),
(7, 34, 'Khám kỹ, không qua loa.', 4, '2025-02-18'),
(7, 35, 'Hỏi han bệnh nhân rất kỹ.', 5, '2025-02-17'),

(8, 36, 'Bác sĩ nhẹ nhàng, tận tình.', 5, '2025-02-21'),
(8, 37, 'Tôi rất hài lòng với cách khám bệnh.', 4, '2025-02-20'),
(8, 38, 'Cảm thấy yên tâm khi khám ở đây.', 5, '2025-02-19'),
(8, 39, 'Khám kỹ, tư vấn rõ ràng.', 4, '2025-02-18'),
(8, 40, 'Bác sĩ vui vẻ, nhiệt tình.', 5, '2025-02-17'),

(9, 41, 'Dịch vụ tốt, sẽ quay lại.', 5, '2025-02-21'),
(9, 42, 'Bác sĩ rất chu đáo, quan tâm bệnh nhân.', 4, '2025-02-20'),
(9, 43, 'Cảm giác rất an tâm khi khám.', 5, '2025-02-19'),
(9, 44, 'Giải thích rõ ràng, không giấu bệnh nhân.', 4, '2025-02-18'),
(9, 45, 'Rất hài lòng, bác sĩ thân thiện.', 5, '2025-02-17'),

(10, 46, 'Bác sĩ rất chuyên nghiệp.', 5, '2025-02-21'),
(10, 47, 'Khám kỹ, tư vấn rõ ràng.', 4, '2025-02-20'),
(10, 48, 'Rất hài lòng, cảm ơn bác sĩ.', 5, '2025-02-19'),
(10, 49, 'Có tâm với nghề, rất đáng tin cậy.', 4, '2025-02-18'),
(10, 50, 'Tư vấn tận tình, chuyên nghiệp.', 5, '2025-02-17'),

(11, 51, 'Bác sĩ nhẹ nhàng, dễ chịu.', 5, '2025-02-21'),
(11, 52, 'Khám cẩn thận, tư vấn tốt.', 4, '2025-02-20'),
(11, 53, 'Bác sĩ rất chu đáo, thân thiện.', 5, '2025-02-19'),
(11, 54, 'Tôi sẽ giới thiệu cho bạn bè.', 4, '2025-02-18'),
(11, 55, 'Rất hài lòng với cách khám bệnh.', 5, '2025-02-17'),

(12, 56, 'Dịch vụ tốt, bác sĩ tận tâm.', 5, '2025-02-21'),
(12, 57, 'Khám nhanh nhưng kỹ.', 4, '2025-02-20'),
(12, 58, 'Bác sĩ vui vẻ, không làm bệnh nhân căng thẳng.', 5, '2025-02-19'),
(12, 59, 'Thời gian chờ hơi lâu nhưng bác sĩ giỏi.', 4, '2025-02-18'),
(12, 60, 'Tư vấn dễ hiểu, giải thích rõ ràng.', 5, '2025-02-17'),

(13, 61, 'Bác sĩ tận tâm, chuyên nghiệp.', 5, '2025-02-21'),
(13, 62, 'Khám rất có tâm.', 4, '2025-02-20'),
(13, 63, 'Giải thích kỹ lưỡng, giúp tôi yên tâm.', 5, '2025-02-19'),
(13, 64, 'Bác sĩ thân thiện, đáng tin cậy.', 4, '2025-02-18'),
(13, 65, 'Rất tốt, tôi sẽ quay lại.', 5, '2025-02-17'),

(14, 66, 'Dịch vụ chất lượng, bác sĩ chu đáo.', 5, '2025-02-21'),
(14, 67, 'Khám kỹ lưỡng, tư vấn rất có tâm.', 4, '2025-02-20'),
(14, 68, 'Có tâm với nghề, rất đáng tin cậy.', 5, '2025-02-19'),
(14, 69, 'Bác sĩ giỏi, thân thiện.', 4, '2025-02-18'),
(14, 70, 'Thời gian chờ hơi lâu nhưng rất đáng giá.', 5, '2025-02-17'),

(15, 71, 'Bác sĩ giỏi, tận tâm.', 5, '2025-02-21'),
(15, 72, 'Khám kỹ, tư vấn rõ ràng.', 4, '2025-02-20'),
(15, 73, 'Bác sĩ rất chuyên nghiệp.', 5, '2025-02-19'),
(15, 74, 'Giải thích dễ hiểu, tạo cảm giác an tâm.', 4, '2025-02-18'),
(15, 75, 'Dịch vụ tốt, sẽ quay lại.', 5, '2025-02-17');

INSERT INTO Medicines (medicine_name, usage_instruction) VALUES
('Paracetamol', 'Uống trước ăn'),
('Amoxicillin', 'Uống sau ăn'),
('Ibuprofen', 'Xông'),
('Aspirin', 'Uống sau ăn'),
('Cefixime', 'Uống sau ăn'),
('Clorpheniramine', 'Bôi ngoài da'),
('Loratadine', 'Uống sau ăn'),
('Vitamin C', 'Uống trước khi ngủ'),
('Multivitamin', 'Uống vào buổi sáng'),
('Omeprazole', 'Nhỏ mắt'),
('Ranitidine', 'Uống vào buổi sáng'),
('Ciprofloxacin', 'Uống vào buổi sáng'),
('Metronidazole', 'Xịt mũi'),
('Erythromycin', 'Tiêm dưới da'),
('Azithromycin', 'Uống trước khi ngủ'),
('Dextromethorphan', 'Ngậm dưới lưỡi'),
('Acetylcysteine', 'Uống trước khi ngủ'),
('Salbutamol', 'Xông'),
('Levocetirizine', 'Xịt mũi'),
('Prednisolone', 'Nhỏ mắt'),
('Diclofenac', 'Uống vào buổi sáng'),
('Meloxicam', 'Uống sau ăn'),
('Tramadol', 'Uống trước khi ngủ'),
('Codeine', 'Tiêm dưới da'),
('Diazepam', 'Uống trước khi ngủ'),
('Alprazolam', 'Uống trước ăn'),
('Domperidone', 'Uống vào buổi sáng'),
('Loperamide', 'Uống trước ăn'),
('Simvastatin', 'Nhỏ mắt'),
('Atorvastatin', 'Xông'),
('Metformin', 'Ngậm dưới lưỡi'),
('Gliclazide', 'Uống trước ăn'),
('Insulin', 'Uống sau ăn'),
('Losartan', 'Bôi ngoài da'),
('Amlodipine', 'Nhỏ mắt'),
('Enalapril', 'Uống sau ăn'),
('Furosemide', 'Uống sau ăn'),
('Spironolactone', 'Nhỏ mắt'),
('Hydrochlorothiazide', 'Uống sau ăn'),
('Nitroglycerin', 'Uống trước ăn'),
('Digoxin', 'Tiêm dưới da'),
('Warfarin', 'Bôi ngoài da'),
('Clopidogrel', 'Ngậm dưới lưỡi'),
('Heparin', 'Ngậm dưới lưỡi'),
('Rabeprazole', 'Xông'),
('Pantoprazole', 'Tiêm dưới da'),
('Esomeprazole', 'Tiêm dưới da'),
('Magnesium hydroxide', 'Ngậm dưới lưỡi'),
('Aluminum hydroxide', 'Xông'),
('Simethicone', 'Nhỏ mắt'),
('Charcoal', 'Nhỏ mắt'),
('ORS', 'Uống sau ăn'),
('ORS vị cam', 'Tiêm dưới da'),
('ORS vị dâu', 'Ngậm dưới lưỡi'),
('ORS vị chuối', 'Bôi ngoài da'),
('ORS vị xoài', 'Uống sau ăn'),
('ORS vị việt quất', 'Uống trước ăn'),
('Bổ gan Boganic', 'Uống sau ăn'),
('Bổ gan Tuệ Linh', 'Nhỏ mắt'),
('Kim tiền thảo', 'Bôi ngoài da'),
('Actiso', 'Uống trước khi ngủ'),
('Liver Tonic', 'Xịt mũi'),
('Thymomodulin', 'Uống trước ăn'),
('Immunobal', 'Uống trước khi ngủ'),
('Kẽm gluconat', 'Ngậm dưới lưỡi'),
('Calcium Corbiere', 'Ngậm dưới lưỡi'),
('Ferrovit', 'Uống vào buổi sáng'),
('Sắt Fuma', 'Xịt mũi'),
('Sắt nước', 'Uống trước ăn'),
('Sắt hữu cơ', 'Xông'),
('Dầu cá Omega 3', 'Bôi ngoài da'),
('Canxi nano', 'Xịt mũi'),
('Glucosamine', 'Uống vào buổi sáng'),
('Chondroitin', 'Uống sau ăn'),
('Tiffy', 'Xịt mũi'),
('Decolgen', 'Bôi ngoài da'),
('Panadol', 'Uống trước ăn'),
('Panadol Extra', 'Xông'),
('Panadol Cold', 'Uống sau ăn'),
('Hapacol', 'Nhỏ mắt'),
('Hapacol C', 'Uống trước ăn'),
('Coldacmin', 'Uống trước khi ngủ'),
('Decolgen Forte', 'Tiêm dưới da'),
('Otrivin', 'Uống vào buổi sáng'),
('Sterimar', 'Uống vào buổi sáng'),
('NaCl 0.9%', 'Tiêm dưới da'),
('NaCl 3%', 'Uống trước ăn'),
('NaCl súc miệng', 'Uống vào buổi sáng'),
('Gạc rơ lưỡi', 'Nhỏ mắt'),
('Betadine', 'Ngậm dưới lưỡi'),
('Povidine', 'Xông'),
('Cồn 70 độ', 'Ngậm dưới lưỡi'),
('Cồn 90 độ', 'Uống trước khi ngủ'),
('Oxy già', 'Bôi ngoài da'),
('Efferalgan', 'Nhỏ mắt'),
('Fervex', 'Tiêm dưới da'),
('Rhumenol', 'Ngậm dưới lưỡi'),
('An thần Bảo Long', 'Xịt mũi'),
('Bảo khí khang', 'Ngậm dưới lưỡi'),
('Ho Astex', 'Uống vào buổi sáng');

